Benchmark,Optimization,Avg Time (s),Std Dev (s),Speedup,P95 Time (s),P99 Time (s),Dynamic Instructions
quadratic,baseline,0.002039,0.000164,baseline,N/A,N/A,N/A
quadratic,--lvn,0.002512,0.000283,0.81x,N/A,N/A,N/A
quadratic,--dce,0.002477,0.000411,0.82x,N/A,N/A,N/A
quadratic,--loops,0.002373,0.000158,0.86x,N/A,N/A,N/A
quadratic,--lvn_--dce,0.002507,0.000962,0.81x,N/A,N/A,N/A
quadratic,--lvn_--dce_--loops,0.002466,0.000177,0.83x,N/A,N/A,N/A
montgomery,baseline,0.002399,0.000165,baseline,N/A,N/A,N/A
montgomery,--lvn,0.002372,0.000157,1.01x,N/A,N/A,N/A
montgomery,--dce,0.002375,0.000177,1.01x,N/A,N/A,N/A
montgomery,--loops,0.002388,0.000168,1.00x,N/A,N/A,N/A
montgomery,--lvn_--dce,0.002430,0.000167,0.99x,N/A,N/A,N/A
montgomery,--lvn_--dce_--loops,0.002465,0.000153,0.97x,N/A,N/A,N/A
primes-between,baseline,0.004732,0.000141,baseline,N/A,N/A,N/A
primes-between,--lvn,0.004725,0.000139,1.00x,N/A,N/A,N/A
primes-between,--dce,0.004758,0.000124,0.99x,N/A,N/A,N/A
primes-between,--loops,0.004433,0.000123,1.07x,N/A,N/A,N/A
primes-between,--lvn_--dce,0.004723,0.000118,1.00x,N/A,N/A,N/A
primes-between,--lvn_--dce_--loops,0.004468,0.000134,1.06x,N/A,N/A,N/A
mod_pow,baseline,0.002402,0.000139,baseline,N/A,N/A,N/A
mod_pow,--lvn,0.002459,0.000186,0.98x,N/A,N/A,N/A
mod_pow,--dce,0.002440,0.000146,0.98x,N/A,N/A,N/A
mod_pow,--loops,0.002434,0.000152,0.99x,N/A,N/A,N/A
mod_pow,--lvn_--dce,0.002513,0.000959,0.96x,N/A,N/A,N/A
mod_pow,--lvn_--dce_--loops,0.002435,0.000162,0.99x,N/A,N/A,N/A
orders,baseline,0.002470,0.000144,baseline,N/A,N/A,N/A
orders,--lvn,0.002442,0.000145,1.01x,N/A,N/A,N/A
orders,--dce,0.002455,0.000139,1.01x,N/A,N/A,N/A
orders,--loops,0.002438,0.000197,1.01x,N/A,N/A,N/A
orders,--lvn_--dce,0.002449,0.000148,1.01x,N/A,N/A,N/A
orders,--lvn_--dce_--loops,0.002413,0.000142,1.02x,N/A,N/A,N/A
sum-check,baseline,0.002394,0.000149,baseline,N/A,N/A,N/A
sum-check,--lvn,0.002430,0.000160,0.99x,N/A,N/A,N/A
sum-check,--dce,0.002452,0.000150,0.98x,N/A,N/A,N/A
sum-check,--loops,0.002410,0.000144,0.99x,N/A,N/A,N/A
sum-check,--lvn_--dce,0.002455,0.000170,0.98x,N/A,N/A,N/A
sum-check,--lvn_--dce_--loops,0.002436,0.000155,0.98x,N/A,N/A,N/A
palindrome,baseline,0.002389,0.000152,baseline,N/A,N/A,N/A
palindrome,--lvn,0.002413,0.000147,0.99x,N/A,N/A,N/A
palindrome,--dce,0.002401,0.000142,1.00x,N/A,N/A,N/A
palindrome,--loops,0.002430,0.000151,0.98x,N/A,N/A,N/A
palindrome,--lvn_--dce,0.002355,0.000160,1.01x,N/A,N/A,N/A
palindrome,--lvn_--dce_--loops,0.002450,0.000957,0.97x,N/A,N/A,N/A
rot13,baseline,0.002358,0.000148,baseline,N/A,N/A,N/A
rot13,--lvn,0.002359,0.000156,1.00x,N/A,N/A,N/A
rot13,--dce,0.002334,0.000145,1.01x,N/A,N/A,N/A
rot13,--loops,0.002358,0.000147,1.00x,N/A,N/A,N/A
rot13,--lvn_--dce,0.002344,0.000145,1.01x,N/A,N/A,N/A
rot13,--lvn_--dce_--loops,0.002333,0.000147,1.01x,N/A,N/A,N/A
totient,baseline,0.002414,0.000152,baseline,N/A,N/A,N/A
totient,--lvn,0.002406,0.000157,1.00x,N/A,N/A,N/A
totient,--dce,0.002429,0.000156,0.99x,N/A,N/A,N/A
totient,--loops,0.002400,0.000145,1.01x,N/A,N/A,N/A
totient,--lvn_--dce,0.002413,0.000148,1.00x,N/A,N/A,N/A
totient,--lvn_--dce_--loops,0.002443,0.000149,0.99x,N/A,N/A,N/A
fib_recursive,baseline,0.002385,0.000143,baseline,N/A,N/A,N/A
fib_recursive,--lvn,0.002404,0.000152,0.99x,N/A,N/A,N/A
fib_recursive,--dce,0.002377,0.000142,1.00x,N/A,N/A,N/A
fib_recursive,--loops,0.002444,0.000138,0.98x,N/A,N/A,N/A
fib_recursive,--lvn_--dce,0.002407,0.000139,0.99x,N/A,N/A,N/A
fib_recursive,--lvn_--dce_--loops,0.002517,0.000767,0.95x,N/A,N/A,N/A
hanoi,baseline,0.002133,0.000153,baseline,N/A,N/A,N/A
hanoi,--lvn,0.002512,0.000433,0.85x,N/A,N/A,N/A
hanoi,--dce,0.002455,0.000300,0.87x,N/A,N/A,N/A
hanoi,--loops,0.002348,0.000167,0.91x,N/A,N/A,N/A
hanoi,--lvn_--dce,0.002475,0.000849,0.86x,N/A,N/A,N/A
hanoi,--lvn_--dce_--loops,0.002453,0.000177,0.87x,N/A,N/A,N/A
is-decreasing,baseline,0.002385,0.000168,baseline,N/A,N/A,N/A
is-decreasing,--lvn,0.002375,0.000161,1.00x,N/A,N/A,N/A
is-decreasing,--dce,0.002421,0.000183,0.99x,N/A,N/A,N/A
is-decreasing,--loops,0.002425,0.000166,0.98x,N/A,N/A,N/A
is-decreasing,--lvn_--dce,0.002428,0.000165,0.98x,N/A,N/A,N/A
is-decreasing,--lvn_--dce_--loops,0.002447,0.000164,0.97x,N/A,N/A,N/A
graycode,baseline,0.002312,0.000136,baseline,N/A,N/A,N/A
graycode,--lvn,0.002314,0.000132,1.00x,N/A,N/A,N/A
graycode,--dce,0.002325,0.000129,0.99x,N/A,N/A,N/A
graycode,--loops,0.002374,0.000136,0.97x,N/A,N/A,N/A
graycode,--lvn_--dce,0.002340,0.000132,0.99x,N/A,N/A,N/A
graycode,--lvn_--dce_--loops,0.002359,0.000133,0.98x,N/A,N/A,N/A
grad_desc,baseline,0.002369,0.000150,baseline,N/A,N/A,N/A
grad_desc,--lvn,0.002380,0.000244,1.00x,N/A,N/A,N/A
grad_desc,--dce,0.002342,0.000149,1.01x,N/A,N/A,N/A
grad_desc,--loops,0.002334,0.000157,1.02x,N/A,N/A,N/A
grad_desc,--lvn_--dce,0.002472,0.000862,0.96x,N/A,N/A,N/A
grad_desc,--lvn_--dce_--loops,0.002378,0.000159,1.00x,N/A,N/A,N/A
check-primes,baseline,0.002428,0.000145,baseline,N/A,N/A,N/A
check-primes,--lvn,0.002396,0.000150,1.01x,N/A,N/A,N/A
check-primes,--dce,0.002458,0.000150,0.99x,N/A,N/A,N/A
check-primes,--loops,0.002342,0.000141,1.04x,N/A,N/A,N/A
check-primes,--lvn_--dce,0.002482,0.000229,0.98x,N/A,N/A,N/A
check-primes,--lvn_--dce_--loops,0.002415,0.000145,1.01x,N/A,N/A,N/A
sum-sq-diff,baseline,0.002417,0.000151,baseline,N/A,N/A,N/A
sum-sq-diff,--lvn,0.002409,0.000167,1.00x,N/A,N/A,N/A
sum-sq-diff,--dce,0.002409,0.000148,1.00x,N/A,N/A,N/A
sum-sq-diff,--loops,0.002451,0.000160,0.99x,N/A,N/A,N/A
sum-sq-diff,--lvn_--dce,0.002454,0.000157,0.98x,N/A,N/A,N/A
sum-sq-diff,--lvn_--dce_--loops,0.002413,0.000167,1.00x,N/A,N/A,N/A
fitsinside,baseline,0.002393,0.000149,baseline,N/A,N/A,N/A
fitsinside,--lvn,0.002363,0.000143,1.01x,N/A,N/A,N/A
fitsinside,--dce,0.002396,0.000148,1.00x,N/A,N/A,N/A
fitsinside,--loops,0.002324,0.000153,1.03x,N/A,N/A,N/A
fitsinside,--lvn_--dce,0.002397,0.000150,1.00x,N/A,N/A,N/A
fitsinside,--lvn_--dce_--loops,0.002461,0.000882,0.97x,N/A,N/A,N/A
hamming,baseline,0.002401,0.000154,baseline,N/A,N/A,N/A
hamming,--lvn,0.002398,0.000156,1.00x,N/A,N/A,N/A
hamming,--dce,0.002385,0.000148,1.01x,N/A,N/A,N/A
hamming,--loops,0.002383,0.000147,1.01x,N/A,N/A,N/A
hamming,--lvn_--dce,0.002408,0.000145,1.00x,N/A,N/A,N/A
hamming,--lvn_--dce_--loops,0.002371,0.000160,1.01x,N/A,N/A,N/A
fact,baseline,0.002384,0.000153,baseline,N/A,N/A,N/A
fact,--lvn,0.002411,0.000159,0.99x,N/A,N/A,N/A
fact,--dce,0.002404,0.000163,0.99x,N/A,N/A,N/A
fact,--loops,0.002415,0.000155,0.99x,N/A,N/A,N/A
fact,--lvn_--dce,0.002356,0.000149,1.01x,N/A,N/A,N/A
fact,--lvn_--dce_--loops,0.002331,0.000160,1.02x,N/A,N/A,N/A
loopfact,baseline,0.002357,0.000144,baseline,N/A,N/A,N/A
loopfact,--lvn,0.002425,0.000142,0.97x,N/A,N/A,N/A
loopfact,--dce,0.002374,0.000143,0.99x,N/A,N/A,N/A
loopfact,--loops,0.002406,0.000130,0.98x,N/A,N/A,N/A
loopfact,--lvn_--dce,0.002341,0.000150,1.01x,N/A,N/A,N/A
loopfact,--lvn_--dce_--loops,0.002505,0.001154,0.94x,N/A,N/A,N/A
recfact,baseline,0.002149,0.000158,baseline,N/A,N/A,N/A
recfact,--lvn,0.002474,0.000287,0.87x,N/A,N/A,N/A
recfact,--dce,0.002479,0.000282,0.87x,N/A,N/A,N/A
recfact,--loops,0.002442,0.000157,0.88x,N/A,N/A,N/A
recfact,--lvn_--dce,0.002412,0.000952,0.89x,N/A,N/A,N/A
recfact,--lvn_--dce_--loops,0.002433,0.000184,0.88x,N/A,N/A,N/A
geometric-sum,baseline,0.002355,0.000160,baseline,N/A,N/A,N/A
geometric-sum,--lvn,0.002404,0.000167,0.98x,N/A,N/A,N/A
geometric-sum,--dce,0.002351,0.000169,1.00x,N/A,N/A,N/A
geometric-sum,--loops,0.002369,0.000174,0.99x,N/A,N/A,N/A
geometric-sum,--lvn_--dce,0.002417,0.000166,0.97x,N/A,N/A,N/A
geometric-sum,--lvn_--dce_--loops,0.002349,0.000163,1.00x,N/A,N/A,N/A
sum-to-ten,baseline,0.002304,0.000148,baseline,N/A,N/A,N/A
sum-to-ten,--lvn,0.002308,0.000128,1.00x,N/A,N/A,N/A
sum-to-ten,--dce,0.002321,0.000136,0.99x,N/A,N/A,N/A
sum-to-ten,--loops,0.002349,0.000140,0.98x,N/A,N/A,N/A
sum-to-ten,--lvn_--dce,0.002311,0.000130,1.00x,N/A,N/A,N/A
sum-to-ten,--lvn_--dce_--loops,0.002328,0.000133,0.99x,N/A,N/A,N/A
legendre,baseline,0.002383,0.000146,baseline,N/A,N/A,N/A
legendre,--lvn,0.002401,0.000193,0.99x,N/A,N/A,N/A
legendre,--dce,0.002443,0.000152,0.98x,N/A,N/A,N/A
legendre,--loops,0.002399,0.000156,0.99x,N/A,N/A,N/A
legendre,--lvn_--dce,0.002486,0.000929,0.96x,N/A,N/A,N/A
legendre,--lvn_--dce_--loops,0.002384,0.000152,1.00x,N/A,N/A,N/A
factors,baseline,0.002326,0.000141,baseline,N/A,N/A,N/A
factors,--lvn,0.002327,0.000146,1.00x,N/A,N/A,N/A
factors,--dce,0.002320,0.000133,1.00x,N/A,N/A,N/A
factors,--loops,0.002258,0.000144,1.03x,N/A,N/A,N/A
factors,--lvn_--dce,0.002366,0.000195,0.98x,N/A,N/A,N/A
factors,--lvn_--dce_--loops,0.002344,0.000140,0.99x,N/A,N/A,N/A
perfect,baseline,0.002386,0.000151,baseline,N/A,N/A,N/A
perfect,--lvn,0.002416,0.000161,0.99x,N/A,N/A,N/A
perfect,--dce,0.002369,0.000147,1.01x,N/A,N/A,N/A
perfect,--loops,0.002386,0.000159,1.00x,N/A,N/A,N/A
perfect,--lvn_--dce,0.002382,0.000157,1.00x,N/A,N/A,N/A
perfect,--lvn_--dce_--loops,0.002459,0.000160,0.97x,N/A,N/A,N/A
binpow,baseline,0.002389,0.000156,baseline,N/A,N/A,N/A
binpow,--lvn,0.002436,0.000153,0.98x,N/A,N/A,N/A
binpow,--dce,0.002399,0.000157,1.00x,N/A,N/A,N/A
binpow,--loops,0.002407,0.000156,0.99x,N/A,N/A,N/A
binpow,--lvn_--dce,0.002400,0.000159,1.00x,N/A,N/A,N/A
binpow,--lvn_--dce_--loops,0.002440,0.000891,0.98x,N/A,N/A,N/A
bitshift,baseline,0.002460,0.000155,baseline,N/A,N/A,N/A
bitshift,--lvn,0.002396,0.000134,1.03x,N/A,N/A,N/A
bitshift,--dce,0.002421,0.000143,1.02x,N/A,N/A,N/A
bitshift,--loops,0.002415,0.000146,1.02x,N/A,N/A,N/A
bitshift,--lvn_--dce,0.002376,0.000151,1.04x,N/A,N/A,N/A
bitshift,--lvn_--dce_--loops,0.002351,0.000137,1.05x,N/A,N/A,N/A
digital-root,baseline,0.002370,0.000154,baseline,N/A,N/A,N/A
digital-root,--lvn,0.002445,0.000156,0.97x,N/A,N/A,N/A
digital-root,--dce,0.002435,0.000158,0.97x,N/A,N/A,N/A
digital-root,--loops,0.002446,0.000153,0.97x,N/A,N/A,N/A
digital-root,--lvn_--dce,0.002418,0.000148,0.98x,N/A,N/A,N/A
digital-root,--lvn_--dce_--loops,0.002443,0.000157,0.97x,N/A,N/A,N/A
tail-call,baseline,0.002416,0.000108,baseline,N/A,N/A,N/A
tail-call,--lvn,0.002448,0.000113,0.99x,N/A,N/A,N/A
tail-call,--dce,0.002472,0.000136,0.98x,N/A,N/A,N/A
tail-call,--loops,0.002465,0.000111,0.98x,N/A,N/A,N/A
tail-call,--lvn_--dce,0.002478,0.000122,0.97x,N/A,N/A,N/A
tail-call,--lvn_--dce_--loops,0.002454,0.000112,0.98x,N/A,N/A,N/A
up-arrow,baseline,0.002502,0.001011,baseline,N/A,N/A,N/A
up-arrow,--lvn,0.002404,0.000164,1.04x,N/A,N/A,N/A
up-arrow,--dce,0.002453,0.000163,1.02x,N/A,N/A,N/A
up-arrow,--loops,0.002408,0.000148,1.04x,N/A,N/A,N/A
up-arrow,--lvn_--dce,0.002440,0.000174,1.03x,N/A,N/A,N/A
up-arrow,--lvn_--dce_--loops,0.002430,0.000152,1.03x,N/A,N/A,N/A
mccarthy91,baseline,0.002395,0.000170,baseline,N/A,N/A,N/A
mccarthy91,--lvn,0.002401,0.000179,1.00x,N/A,N/A,N/A
mccarthy91,--dce,0.002435,0.000175,0.98x,N/A,N/A,N/A
mccarthy91,--loops,0.002404,0.000140,1.00x,N/A,N/A,N/A
mccarthy91,--lvn_--dce,0.002427,0.000162,0.99x,N/A,N/A,N/A
mccarthy91,--lvn_--dce_--loops,0.002395,0.000148,1.00x,N/A,N/A,N/A
sum-divisors,baseline,0.002410,0.000163,baseline,N/A,N/A,N/A
sum-divisors,--lvn,0.002417,0.000162,1.00x,N/A,N/A,N/A
sum-divisors,--dce,0.002400,0.000157,1.00x,N/A,N/A,N/A
sum-divisors,--loops,0.002401,0.000156,1.00x,N/A,N/A,N/A
sum-divisors,--lvn_--dce,0.002369,0.000155,1.02x,N/A,N/A,N/A
sum-divisors,--lvn_--dce_--loops,0.002451,0.000159,0.98x,N/A,N/A,N/A
permutation,baseline,0.002500,0.000692,baseline,N/A,N/A,N/A
permutation,--lvn,0.002450,0.000135,1.02x,N/A,N/A,N/A
permutation,--dce,0.002384,0.000140,1.05x,N/A,N/A,N/A
permutation,--loops,0.002439,0.000137,1.03x,N/A,N/A,N/A
permutation,--lvn_--dce,0.002429,0.000137,1.03x,N/A,N/A,N/A
permutation,--lvn_--dce_--loops,0.002445,0.000133,1.02x,N/A,N/A,N/A
combination,baseline,0.002439,0.000150,baseline,N/A,N/A,N/A
combination,--lvn,0.002475,0.000149,0.99x,N/A,N/A,N/A
combination,--dce,0.002360,0.000163,1.03x,N/A,N/A,N/A
combination,--loops,0.002476,0.000150,0.98x,N/A,N/A,N/A
combination,--lvn_--dce,0.002471,0.000156,0.99x,N/A,N/A,N/A
combination,--lvn_--dce_--loops,0.002458,0.000166,0.99x,N/A,N/A,N/A
bin-search,baseline,0.002413,0.000155,baseline,N/A,N/A,N/A
bin-search,--lvn,0.002443,0.000159,0.99x,N/A,N/A,N/A
bin-search,--dce,0.002445,0.000161,0.99x,N/A,N/A,N/A
bin-search,--loops,0.002414,0.000149,1.00x,N/A,N/A,N/A
bin-search,--lvn_--dce,0.002424,0.000151,1.00x,N/A,N/A,N/A
bin-search,--lvn_--dce_--loops,0.002453,0.000232,0.98x,N/A,N/A,N/A
ackermann,baseline,0.010121,0.002398,baseline,N/A,N/A,N/A
ackermann,--lvn,0.010014,0.000203,1.01x,N/A,N/A,N/A
ackermann,--dce,0.009903,0.000170,1.02x,N/A,N/A,N/A
ackermann,--loops,0.009959,0.000160,1.02x,N/A,N/A,N/A
ackermann,--lvn_--dce,0.009990,0.000168,1.01x,N/A,N/A,N/A
ackermann,--lvn_--dce_--loops,0.010002,0.000246,1.01x,N/A,N/A,N/A
pythagorean_triple,baseline,0.002558,0.000117,baseline,N/A,N/A,N/A
pythagorean_triple,--lvn,0.002512,0.000119,1.02x,N/A,N/A,N/A
pythagorean_triple,--dce,0.002532,0.000110,1.01x,N/A,N/A,N/A
pythagorean_triple,--loops,0.002527,0.000124,1.01x,N/A,N/A,N/A
pythagorean_triple,--lvn_--dce,0.002527,0.000137,1.01x,N/A,N/A,N/A
pythagorean_triple,--lvn_--dce_--loops,0.002513,0.000123,1.02x,N/A,N/A,N/A
gebmm,baseline,0.002432,0.000133,baseline,N/A,N/A,N/A
gebmm,--lvn,0.002426,0.000124,1.00x,N/A,N/A,N/A
gebmm,--dce,0.002437,0.000134,1.00x,N/A,N/A,N/A
gebmm,--loops,0.002405,0.000134,1.01x,N/A,N/A,N/A
gebmm,--lvn_--dce,0.002468,0.000117,0.99x,N/A,N/A,N/A
gebmm,--lvn_--dce_--loops,0.002470,0.000116,0.98x,N/A,N/A,N/A
euclid,baseline,0.002404,0.000151,baseline,N/A,N/A,N/A
euclid,--lvn,0.002508,0.001219,0.96x,N/A,N/A,N/A
euclid,--dce,0.002411,0.000156,1.00x,N/A,N/A,N/A
euclid,--loops,0.002514,0.000279,0.96x,N/A,N/A,N/A
euclid,--lvn_--dce,0.002507,0.000168,0.96x,N/A,N/A,N/A
euclid,--lvn_--dce_--loops,0.002407,0.000163,1.00x,N/A,N/A,N/A
bbs,baseline,0.002426,0.000160,baseline,N/A,N/A,N/A
bbs,--lvn,0.002447,0.000160,0.99x,N/A,N/A,N/A
bbs,--dce,0.002448,0.000160,0.99x,N/A,N/A,N/A
bbs,--loops,0.002436,0.000146,1.00x,N/A,N/A,N/A
bbs,--lvn_--dce,0.002467,0.000157,0.98x,N/A,N/A,N/A
bbs,--lvn_--dce_--loops,0.002399,0.000161,1.01x,N/A,N/A,N/A
sum-of-cubes,baseline,0.002382,0.000160,baseline,N/A,N/A,N/A
sum-of-cubes,--lvn,0.002398,0.000164,0.99x,N/A,N/A,N/A
sum-of-cubes,--dce,0.002396,0.000204,0.99x,N/A,N/A,N/A
sum-of-cubes,--loops,0.002348,0.000153,1.01x,N/A,N/A,N/A
sum-of-cubes,--lvn_--dce,0.002352,0.000159,1.01x,N/A,N/A,N/A
sum-of-cubes,--lvn_--dce_--loops,0.002358,0.000147,1.01x,N/A,N/A,N/A
binary-fmt,baseline,0.002353,0.000162,baseline,N/A,N/A,N/A
binary-fmt,--lvn,0.002388,0.000155,0.99x,N/A,N/A,N/A
binary-fmt,--dce,0.002368,0.000160,0.99x,N/A,N/A,N/A
binary-fmt,--loops,0.002362,0.000158,1.00x,N/A,N/A,N/A
binary-fmt,--lvn_--dce,0.002439,0.000151,0.96x,N/A,N/A,N/A
binary-fmt,--lvn_--dce_--loops,0.002404,0.000194,0.98x,N/A,N/A,N/A
dayofweek,baseline,0.002675,0.001075,baseline,N/A,N/A,N/A
dayofweek,--lvn,0.002625,0.000109,1.02x,N/A,N/A,N/A
dayofweek,--dce,0.002580,0.000114,1.04x,N/A,N/A,N/A
dayofweek,--loops,0.002590,0.000124,1.03x,N/A,N/A,N/A
dayofweek,--lvn_--dce,0.002585,0.000116,1.03x,N/A,N/A,N/A
dayofweek,--lvn_--dce_--loops,0.002562,0.000104,1.04x,N/A,N/A,N/A
lcm,baseline,0.002396,0.000173,baseline,N/A,N/A,N/A
lcm,--lvn,0.002457,0.000158,0.98x,N/A,N/A,N/A
lcm,--dce,0.002430,0.000173,0.99x,N/A,N/A,N/A
lcm,--loops,0.002469,0.000147,0.97x,N/A,N/A,N/A
lcm,--lvn_--dce,0.002455,0.000161,0.98x,N/A,N/A,N/A
lcm,--lvn_--dce_--loops,0.002460,0.000169,0.97x,N/A,N/A,N/A
gcd,baseline,0.002355,0.000159,baseline,N/A,N/A,N/A
gcd,--lvn,0.002442,0.000147,0.96x,N/A,N/A,N/A
gcd,--dce,0.002442,0.000163,0.96x,N/A,N/A,N/A
gcd,--loops,0.002398,0.000157,0.98x,N/A,N/A,N/A
gcd,--lvn_--dce,0.002415,0.000145,0.98x,N/A,N/A,N/A
gcd,--lvn_--dce_--loops,0.002417,0.000181,0.97x,N/A,N/A,N/A
triangle,baseline,0.002367,0.001617,baseline,N/A,N/A,N/A
triangle,--lvn,0.002391,0.000196,0.99x,N/A,N/A,N/A
triangle,--dce,0.002329,0.000151,1.02x,N/A,N/A,N/A
triangle,--loops,0.002292,0.000137,1.03x,N/A,N/A,N/A
triangle,--lvn_--dce,0.002331,0.000152,1.02x,N/A,N/A,N/A
triangle,--lvn_--dce_--loops,0.002358,0.000194,1.00x,N/A,N/A,N/A
catalan,baseline,0.005227,0.000131,baseline,N/A,N/A,N/A
catalan,--lvn,0.005180,0.000131,1.01x,N/A,N/A,N/A
catalan,--dce,0.005128,0.000117,1.02x,N/A,N/A,N/A
catalan,--loops,0.005171,0.000128,1.01x,N/A,N/A,N/A
catalan,--lvn_--dce,0.005116,0.000145,1.02x,N/A,N/A,N/A
catalan,--lvn_--dce_--loops,0.005249,0.000132,1.00x,N/A,N/A,N/A
gpf,baseline,0.002402,0.000140,baseline,N/A,N/A,N/A
gpf,--lvn,0.002389,0.000128,1.01x,N/A,N/A,N/A
gpf,--dce,0.002414,0.000151,1.00x,N/A,N/A,N/A
gpf,--loops,0.002316,0.000138,1.04x,N/A,N/A,N/A
gpf,--lvn_--dce,0.002378,0.000128,1.01x,N/A,N/A,N/A
gpf,--lvn_--dce_--loops,0.002391,0.000129,1.00x,N/A,N/A,N/A
armstrong,baseline,0.002377,0.000151,baseline,N/A,N/A,N/A
armstrong,--lvn,0.002520,0.001046,0.94x,N/A,N/A,N/A
armstrong,--dce,0.002424,0.000154,0.98x,N/A,N/A,N/A
armstrong,--loops,0.002516,0.000228,0.94x,N/A,N/A,N/A
armstrong,--lvn_--dce,0.002495,0.000167,0.95x,N/A,N/A,N/A
armstrong,--lvn_--dce_--loops,0.002419,0.000164,0.98x,N/A,N/A,N/A
pascals-row,baseline,0.002429,0.000161,baseline,N/A,N/A,N/A
pascals-row,--lvn,0.002452,0.000166,0.99x,N/A,N/A,N/A
pascals-row,--dce,0.002451,0.000143,0.99x,N/A,N/A,N/A
pascals-row,--loops,0.002411,0.000147,1.01x,N/A,N/A,N/A
pascals-row,--lvn_--dce,0.002465,0.000163,0.99x,N/A,N/A,N/A
pascals-row,--lvn_--dce_--loops,0.002414,0.000178,1.01x,N/A,N/A,N/A
collatz,baseline,0.002411,0.000164,baseline,N/A,N/A,N/A
collatz,--lvn,0.002392,0.000182,1.01x,N/A,N/A,N/A
collatz,--dce,0.002390,0.000166,1.01x,N/A,N/A,N/A
collatz,--loops,0.002364,0.000151,1.02x,N/A,N/A,N/A
collatz,--lvn_--dce,0.002442,0.000181,0.99x,N/A,N/A,N/A
collatz,--lvn_--dce_--loops,0.002395,0.000160,1.01x,N/A,N/A,N/A
sum-bits,baseline,0.002393,0.000159,baseline,N/A,N/A,N/A
sum-bits,--lvn,0.002379,0.000151,1.01x,N/A,N/A,N/A
sum-bits,--dce,0.002376,0.000157,1.01x,N/A,N/A,N/A
sum-bits,--loops,0.002412,0.000163,0.99x,N/A,N/A,N/A
sum-bits,--lvn_--dce,0.002408,0.000159,0.99x,N/A,N/A,N/A
sum-bits,--lvn_--dce_--loops,0.002390,0.000156,1.00x,N/A,N/A,N/A
sqrt_bin_search,baseline,0.002502,0.001026,baseline,N/A,N/A,N/A
sqrt_bin_search,--lvn,0.002423,0.000135,1.03x,N/A,N/A,N/A
sqrt_bin_search,--dce,0.002427,0.000142,1.03x,N/A,N/A,N/A
sqrt_bin_search,--loops,0.002447,0.000151,1.02x,N/A,N/A,N/A
sqrt_bin_search,--lvn_--dce,0.002425,0.000135,1.03x,N/A,N/A,N/A
sqrt_bin_search,--lvn_--dce_--loops,0.002474,0.000134,1.01x,N/A,N/A,N/A
mountain,baseline,0.002426,0.000163,baseline,N/A,N/A,N/A
mountain,--lvn,0.002506,0.000152,0.97x,N/A,N/A,N/A
mountain,--dce,0.002450,0.000164,0.99x,N/A,N/A,N/A
mountain,--loops,0.002450,0.000155,0.99x,N/A,N/A,N/A
mountain,--lvn_--dce,0.002495,0.000145,0.97x,N/A,N/A,N/A
mountain,--lvn_--dce_--loops,0.002428,0.000160,1.00x,N/A,N/A,N/A
rectangles-area-difference,baseline,0.002406,0.000151,baseline,N/A,N/A,N/A
rectangles-area-difference,--lvn,0.002414,0.000155,1.00x,N/A,N/A,N/A
rectangles-area-difference,--dce,0.002392,0.000167,1.01x,N/A,N/A,N/A
rectangles-area-difference,--loops,0.002411,0.000149,1.00x,N/A,N/A,N/A
rectangles-area-difference,--lvn_--dce,0.002377,0.000152,1.01x,N/A,N/A,N/A
rectangles-area-difference,--lvn_--dce_--loops,0.002424,0.000237,0.99x,N/A,N/A,N/A
mod_inv,baseline,0.002350,0.001794,baseline,N/A,N/A,N/A
mod_inv,--lvn,0.002379,0.000191,0.99x,N/A,N/A,N/A
mod_inv,--dce,0.002249,0.000129,1.04x,N/A,N/A,N/A
mod_inv,--loops,0.002315,0.000141,1.02x,N/A,N/A,N/A
mod_inv,--lvn_--dce,0.002385,0.000153,0.99x,N/A,N/A,N/A
mod_inv,--lvn_--dce_--loops,0.002352,0.000190,1.00x,N/A,N/A,N/A
karatsuba,baseline,0.002437,0.000120,baseline,N/A,N/A,N/A
karatsuba,--lvn,0.002422,0.000119,1.01x,N/A,N/A,N/A
karatsuba,--dce,0.002318,0.000114,1.05x,N/A,N/A,N/A
karatsuba,--loops,0.002395,0.000131,1.02x,N/A,N/A,N/A
karatsuba,--lvn_--dce,0.002359,0.000136,1.03x,N/A,N/A,N/A
karatsuba,--lvn_--dce_--loops,0.002441,0.000127,1.00x,N/A,N/A,N/A
reverse,baseline,0.002305,0.000118,baseline,N/A,N/A,N/A
reverse,--lvn,0.002307,0.000132,1.00x,N/A,N/A,N/A
reverse,--dce,0.002387,0.000157,0.97x,N/A,N/A,N/A
reverse,--loops,0.002333,0.000136,0.99x,N/A,N/A,N/A
reverse,--lvn_--dce,0.002320,0.000126,0.99x,N/A,N/A,N/A
reverse,--lvn_--dce_--loops,0.002335,0.000132,0.99x,N/A,N/A,N/A
sum-divisible-by-m,baseline,0.002320,0.000159,baseline,N/A,N/A,N/A
sum-divisible-by-m,--lvn,0.002438,0.001047,0.95x,N/A,N/A,N/A
sum-divisible-by-m,--dce,0.002311,0.000151,1.00x,N/A,N/A,N/A
sum-divisible-by-m,--loops,0.002472,0.000298,0.94x,N/A,N/A,N/A
sum-divisible-by-m,--lvn_--dce,0.002374,0.000157,0.98x,N/A,N/A,N/A
sum-divisible-by-m,--lvn_--dce_--loops,0.002322,0.000164,1.00x,N/A,N/A,N/A
fizz-buzz,baseline,0.002398,0.000865,baseline,N/A,N/A,N/A
fizz-buzz,--lvn,0.002457,0.000163,0.98x,N/A,N/A,N/A
fizz-buzz,--dce,0.002659,0.001118,0.90x,N/A,N/A,N/A
fizz-buzz,--loops,0.002502,0.000183,0.96x,N/A,N/A,N/A
fizz-buzz,--lvn_--dce,0.002454,0.000210,0.98x,N/A,N/A,N/A
fizz-buzz,--lvn_--dce_--loops,0.002709,0.001008,0.89x,N/A,N/A,N/A
bitwise-ops,baseline,0.002350,0.000128,baseline,N/A,N/A,N/A
bitwise-ops,--lvn,0.002341,0.000138,1.00x,N/A,N/A,N/A
bitwise-ops,--dce,0.002409,0.000367,0.98x,N/A,N/A,N/A
bitwise-ops,--loops,0.002184,0.000133,1.08x,N/A,N/A,N/A
bitwise-ops,--lvn_--dce,0.002361,0.000144,1.00x,N/A,N/A,N/A
bitwise-ops,--lvn_--dce_--loops,0.002402,0.000424,0.98x,N/A,N/A,N/A
sum-digits,baseline,0.002287,0.000139,baseline,N/A,N/A,N/A
sum-digits,--lvn,0.002324,0.001176,0.98x,N/A,N/A,N/A
sum-digits,--dce,0.002421,0.000493,0.94x,N/A,N/A,N/A
sum-digits,--loops,0.002322,0.000164,0.98x,N/A,N/A,N/A
sum-digits,--lvn_--dce,0.002239,0.000132,1.02x,N/A,N/A,N/A
sum-digits,--lvn_--dce_--loops,0.002376,0.000453,0.96x,N/A,N/A,N/A
delannoy,baseline,0.025377,0.000285,baseline,N/A,N/A,N/A
delannoy,--lvn,0.023977,0.000249,1.06x,N/A,N/A,N/A
delannoy,--dce,0.025319,0.000319,1.00x,N/A,N/A,N/A
delannoy,--loops,0.025300,0.000282,1.00x,N/A,N/A,N/A
delannoy,--lvn_--dce,0.021163,0.000249,1.20x,N/A,N/A,N/A
delannoy,--lvn_--dce_--loops,0.021094,0.000290,1.20x,N/A,N/A,N/A
cholesky,baseline,0.002733,0.000141,baseline,N/A,N/A,N/A
cholesky,--lvn,0.002672,0.000117,1.02x,N/A,N/A,N/A
cholesky,--dce,0.002637,0.000116,1.04x,N/A,N/A,N/A
cholesky,--loops,0.002704,0.000128,1.01x,N/A,N/A,N/A
cholesky,--lvn_--dce,0.002660,0.000127,1.03x,N/A,N/A,N/A
cholesky,--lvn_--dce_--loops,0.002737,0.000155,1.00x,N/A,N/A,N/A
montecarlo,baseline,0.377110,0.007364,baseline,N/A,N/A,N/A
montecarlo,--lvn,0.366504,0.002116,1.03x,N/A,N/A,N/A
montecarlo,--dce,0.373712,0.002671,1.01x,N/A,N/A,N/A
montecarlo,--loops,0.367157,0.003452,1.03x,N/A,N/A,N/A
montecarlo,--lvn_--dce,0.366191,0.003005,1.03x,N/A,N/A,N/A
montecarlo,--lvn_--dce_--loops,0.358540,0.005462,1.05x,N/A,N/A,N/A
mat-inv,baseline,0.002482,0.000119,baseline,N/A,N/A,N/A
mat-inv,--lvn,0.002461,0.000117,1.01x,N/A,N/A,N/A
mat-inv,--dce,0.002417,0.000108,1.03x,N/A,N/A,N/A
mat-inv,--loops,0.002490,0.000136,1.00x,N/A,N/A,N/A
mat-inv,--lvn_--dce,0.002441,0.000133,1.02x,N/A,N/A,N/A
mat-inv,--lvn_--dce_--loops,0.002413,0.000147,1.03x,N/A,N/A,N/A
random_walk,baseline,0.004585,0.000118,baseline,N/A,N/A,N/A
random_walk,--lvn,0.004593,0.000123,1.00x,N/A,N/A,N/A
random_walk,--dce,0.004619,0.000125,0.99x,N/A,N/A,N/A
random_walk,--loops,0.004719,0.002040,0.97x,N/A,N/A,N/A
random_walk,--lvn_--dce,0.004547,0.000118,1.01x,N/A,N/A,N/A
random_walk,--lvn_--dce_--loops,0.004534,0.000127,1.01x,N/A,N/A,N/A
gol,baseline,0.002537,0.000109,baseline,N/A,N/A,N/A
gol,--lvn,0.002517,0.000119,1.01x,N/A,N/A,N/A
gol,--dce,0.002552,0.000109,0.99x,N/A,N/A,N/A
gol,--loops,0.002548,0.000118,1.00x,N/A,N/A,N/A
gol,--lvn_--dce,0.002490,0.000117,1.02x,N/A,N/A,N/A
gol,--lvn_--dce_--loops,0.002580,0.000121,0.98x,N/A,N/A,N/A
fast-inverse-sqrt,baseline,0.001811,0.000179,baseline,N/A,N/A,N/A
fast-inverse-sqrt,--lvn,0.002479,0.000134,0.73x,N/A,N/A,N/A
fast-inverse-sqrt,--dce,0.002414,0.000142,0.75x,N/A,N/A,N/A
fast-inverse-sqrt,--loops,0.002467,0.000132,0.73x,N/A,N/A,N/A
fast-inverse-sqrt,--lvn_--dce,0.002342,0.000121,0.77x,N/A,N/A,N/A
fast-inverse-sqrt,--lvn_--dce_--loops,0.002370,0.000123,0.76x,N/A,N/A,N/A
function_call,baseline,0.299554,0.002179,baseline,N/A,N/A,N/A
function_call,--lvn,0.298373,0.001960,1.00x,N/A,N/A,N/A
function_call,--dce,0.294594,0.002266,1.02x,N/A,N/A,N/A
function_call,--loops,0.298498,0.002652,1.00x,N/A,N/A,N/A
function_call,--lvn_--dce,0.295992,0.006616,1.01x,N/A,N/A,N/A
function_call,--lvn_--dce_--loops,0.292687,0.001998,1.02x,N/A,N/A,N/A
ray-sphere-intersection,baseline,0.002320,0.000124,baseline,N/A,N/A,N/A
ray-sphere-intersection,--lvn,0.002412,0.000135,0.96x,N/A,N/A,N/A
ray-sphere-intersection,--dce,0.002396,0.000149,0.97x,N/A,N/A,N/A
ray-sphere-intersection,--loops,0.002440,0.000153,0.95x,N/A,N/A,N/A
ray-sphere-intersection,--lvn_--dce,0.002377,0.000147,0.98x,N/A,N/A,N/A
ray-sphere-intersection,--lvn_--dce_--loops,0.002324,0.000135,1.00x,N/A,N/A,N/A
birthday,baseline,0.002364,0.000150,baseline,N/A,N/A,N/A
birthday,--lvn,0.002341,0.000112,1.01x,N/A,N/A,N/A
birthday,--dce,0.002298,0.000110,1.03x,N/A,N/A,N/A
birthday,--loops,0.002317,0.000111,1.02x,N/A,N/A,N/A
birthday,--lvn_--dce,0.002338,0.000116,1.01x,N/A,N/A,N/A
birthday,--lvn_--dce_--loops,0.002346,0.000120,1.01x,N/A,N/A,N/A
conjugate-gradient,baseline,0.002645,0.000201,baseline,N/A,N/A,N/A
conjugate-gradient,--lvn,0.002620,0.000126,1.01x,N/A,N/A,N/A
conjugate-gradient,--dce,0.002650,0.001049,1.00x,N/A,N/A,N/A
conjugate-gradient,--loops,0.002584,0.000123,1.02x,N/A,N/A,N/A
conjugate-gradient,--lvn_--dce,0.002592,0.000130,1.02x,N/A,N/A,N/A
conjugate-gradient,--lvn_--dce_--loops,0.002605,0.000125,1.02x,N/A,N/A,N/A
leibniz,baseline,0.050092,0.000342,baseline,N/A,N/A,N/A
leibniz,--lvn,0.050103,0.000502,1.00x,N/A,N/A,N/A
leibniz,--dce,0.050149,0.000333,1.00x,N/A,N/A,N/A
leibniz,--loops,0.042550,0.000335,1.18x,N/A,N/A,N/A
leibniz,--lvn_--dce,0.050181,0.000442,1.00x,N/A,N/A,N/A
leibniz,--lvn_--dce_--loops,0.042484,0.000308,1.18x,N/A,N/A,N/A
n_root,baseline,0.002333,0.000129,baseline,N/A,N/A,N/A
n_root,--lvn,0.002223,0.000156,1.05x,N/A,N/A,N/A
n_root,--dce,0.002222,0.000149,1.05x,N/A,N/A,N/A
n_root,--loops,0.002284,0.000159,1.02x,N/A,N/A,N/A
n_root,--lvn_--dce,0.002315,0.000217,1.01x,N/A,N/A,N/A
n_root,--lvn_--dce_--loops,0.002273,0.000152,1.03x,N/A,N/A,N/A
newton,baseline,0.002376,0.000193,baseline,N/A,N/A,N/A
newton,--lvn,0.002443,0.000174,0.97x,N/A,N/A,N/A
newton,--dce,0.002496,0.000971,0.95x,N/A,N/A,N/A
newton,--loops,0.002384,0.000140,1.00x,N/A,N/A,N/A
newton,--lvn_--dce,0.002437,0.000127,0.97x,N/A,N/A,N/A
newton,--lvn_--dce_--loops,0.002402,0.000137,0.99x,N/A,N/A,N/A
euler,baseline,0.002348,0.000127,baseline,N/A,N/A,N/A
euler,--lvn,0.002365,0.000136,0.99x,N/A,N/A,N/A
euler,--dce,0.002367,0.000135,0.99x,N/A,N/A,N/A
euler,--loops,0.002408,0.000148,0.98x,N/A,N/A,N/A
euler,--lvn_--dce,0.002351,0.000127,1.00x,N/A,N/A,N/A
euler,--lvn_--dce_--loops,0.002300,0.000133,1.02x,N/A,N/A,N/A
riemann,baseline,0.002603,0.001725,baseline,N/A,N/A,N/A
riemann,--lvn,0.002436,0.000130,1.07x,N/A,N/A,N/A
riemann,--dce,0.002455,0.000131,1.06x,N/A,N/A,N/A
riemann,--loops,0.002484,0.000132,1.05x,N/A,N/A,N/A
riemann,--lvn_--dce,0.002446,0.000144,1.06x,N/A,N/A,N/A
riemann,--lvn_--dce_--loops,0.002526,0.000133,1.03x,N/A,N/A,N/A
mandelbrot,baseline,0.010926,0.000199,baseline,N/A,N/A,N/A
mandelbrot,--lvn,0.010454,0.000320,1.05x,N/A,N/A,N/A
mandelbrot,--dce,0.011125,0.001465,0.98x,N/A,N/A,N/A
mandelbrot,--loops,0.010848,0.000221,1.01x,N/A,N/A,N/A
mandelbrot,--lvn_--dce,0.008343,0.000154,1.31x,N/A,N/A,N/A
mandelbrot,--lvn_--dce_--loops,0.008293,0.000157,1.32x,N/A,N/A,N/A
logistic,baseline,0.002470,0.000864,baseline,N/A,N/A,N/A
logistic,--lvn,0.002475,0.000152,1.00x,N/A,N/A,N/A
logistic,--dce,0.002647,0.001151,0.93x,N/A,N/A,N/A
logistic,--loops,0.002475,0.000193,1.00x,N/A,N/A,N/A
logistic,--lvn_--dce,0.002477,0.000219,1.00x,N/A,N/A,N/A
logistic,--lvn_--dce_--loops,0.002669,0.001004,0.93x,N/A,N/A,N/A
rgb2gray,baseline,0.002197,0.000137,baseline,N/A,N/A,N/A
rgb2gray,--lvn,0.002254,0.000142,0.97x,N/A,N/A,N/A
rgb2gray,--dce,0.002280,0.000266,0.96x,N/A,N/A,N/A
rgb2gray,--loops,0.002225,0.000235,0.99x,N/A,N/A,N/A
rgb2gray,--lvn_--dce,0.002298,0.000142,0.96x,N/A,N/A,N/A
rgb2gray,--lvn_--dce_--loops,0.002331,0.000426,0.94x,N/A,N/A,N/A
norm,baseline,0.002401,0.000154,baseline,N/A,N/A,N/A
norm,--lvn,0.002388,0.001027,1.01x,N/A,N/A,N/A
norm,--dce,0.002486,0.000492,0.97x,N/A,N/A,N/A
norm,--loops,0.002325,0.000157,1.03x,N/A,N/A,N/A
norm,--lvn_--dce,0.002358,0.000136,1.02x,N/A,N/A,N/A
norm,--lvn_--dce_--loops,0.002471,0.000442,0.97x,N/A,N/A,N/A
harmonic-sum,baseline,0.028390,0.000278,baseline,N/A,N/A,N/A
harmonic-sum,--lvn,0.026411,0.000313,1.07x,N/A,N/A,N/A
harmonic-sum,--dce,0.028822,0.001483,0.99x,N/A,N/A,N/A
harmonic-sum,--loops,0.023057,0.000387,1.23x,N/A,N/A,N/A
harmonic-sum,--lvn_--dce,0.024493,0.001121,1.16x,N/A,N/A,N/A
harmonic-sum,--lvn_--dce_--loops,0.021178,0.000328,1.34x,N/A,N/A,N/A
cordic,baseline,0.002589,0.000131,baseline,N/A,N/A,N/A
cordic,--lvn,0.002608,0.000119,0.99x,N/A,N/A,N/A
cordic,--dce,0.002606,0.000117,0.99x,N/A,N/A,N/A
cordic,--loops,0.002655,0.000137,0.98x,N/A,N/A,N/A
cordic,--lvn_--dce,0.002614,0.000124,0.99x,N/A,N/A,N/A
cordic,--lvn_--dce_--loops,0.002697,0.000150,0.96x,N/A,N/A,N/A
exponentiation-by-squaring,baseline,0.002243,0.000128,baseline,N/A,N/A,N/A
exponentiation-by-squaring,--lvn,0.002419,0.001310,0.93x,N/A,N/A,N/A
exponentiation-by-squaring,--dce,0.002295,0.000142,0.98x,N/A,N/A,N/A
exponentiation-by-squaring,--loops,0.002293,0.000131,0.98x,N/A,N/A,N/A
exponentiation-by-squaring,--lvn_--dce,0.002285,0.000130,0.98x,N/A,N/A,N/A
exponentiation-by-squaring,--lvn_--dce_--loops,0.002280,0.000128,0.98x,N/A,N/A,N/A
pow,baseline,0.002299,0.000148,baseline,N/A,N/A,N/A
pow,--lvn,0.002290,0.000140,1.00x,N/A,N/A,N/A
pow,--dce,0.002287,0.000125,1.01x,N/A,N/A,N/A
pow,--loops,0.002334,0.000138,0.99x,N/A,N/A,N/A
pow,--lvn_--dce,0.002283,0.000130,1.01x,N/A,N/A,N/A
pow,--lvn_--dce_--loops,0.002304,0.000150,1.00x,N/A,N/A,N/A
ray-bbox-intersection,baseline,0.002434,0.000134,baseline,N/A,N/A,N/A
ray-bbox-intersection,--lvn,0.002320,0.000139,1.05x,N/A,N/A,N/A
ray-bbox-intersection,--dce,0.002325,0.000149,1.05x,N/A,N/A,N/A
ray-bbox-intersection,--loops,0.002432,0.000155,1.00x,N/A,N/A,N/A
ray-bbox-intersection,--lvn_--dce,0.002425,0.000218,1.00x,N/A,N/A,N/A
ray-bbox-intersection,--lvn_--dce_--loops,0.002298,0.000154,1.06x,N/A,N/A,N/A
sqrt,baseline,0.002389,0.000189,baseline,N/A,N/A,N/A
sqrt,--lvn,0.002448,0.000176,0.98x,N/A,N/A,N/A
sqrt,--dce,0.002455,0.000812,0.97x,N/A,N/A,N/A
sqrt,--loops,0.002463,0.000135,0.97x,N/A,N/A,N/A
sqrt,--lvn_--dce,0.002433,0.000148,0.98x,N/A,N/A,N/A
sqrt,--lvn_--dce_--loops,0.002393,0.000136,1.00x,N/A,N/A,N/A
quickselect,baseline,0.002473,0.000141,baseline,N/A,N/A,N/A
quickselect,--lvn,0.002410,0.000140,1.03x,N/A,N/A,N/A
quickselect,--dce,0.002382,0.000144,1.04x,N/A,N/A,N/A
quickselect,--loops,0.002415,0.000135,1.02x,N/A,N/A,N/A
quickselect,--lvn_--dce,0.002431,0.000126,1.02x,N/A,N/A,N/A
quickselect,--lvn_--dce_--loops,0.002436,0.000114,1.02x,N/A,N/A,N/A
1dconv,baseline,0.002582,0.001697,baseline,N/A,N/A,N/A
1dconv,--lvn,0.002395,0.000138,1.08x,N/A,N/A,N/A
1dconv,--dce,0.002501,0.000140,1.03x,N/A,N/A,N/A
1dconv,--loops,0.002534,0.000130,1.02x,N/A,N/A,N/A
1dconv,--lvn_--dce,0.002515,0.000150,1.03x,N/A,N/A,N/A
1dconv,--lvn_--dce_--loops,0.002536,0.000130,1.02x,N/A,N/A,N/A
kadane,baseline,0.002319,0.000122,baseline,N/A,N/A,N/A
kadane,--lvn,0.002341,0.000124,0.99x,N/A,N/A,N/A
kadane,--dce,0.002333,0.000125,0.99x,N/A,N/A,N/A
kadane,--loops,0.001701,0.000169,1.36x,N/A,N/A,N/A
kadane,--lvn_--dce,0.002491,0.000142,0.93x,N/A,N/A,N/A
kadane,--lvn_--dce_--loops,0.002415,0.000143,0.96x,N/A,N/A,N/A
lis,baseline,0.002490,0.000136,baseline,N/A,N/A,N/A
lis,--lvn,0.002392,0.000120,1.04x,N/A,N/A,N/A
lis,--dce,0.002428,0.000119,1.03x,N/A,N/A,N/A
lis,--loops,0.002285,0.000106,1.09x,N/A,N/A,N/A
lis,--lvn_--dce,0.002371,0.000120,1.05x,N/A,N/A,N/A
lis,--lvn_--dce_--loops,0.002431,0.000111,1.02x,N/A,N/A,N/A
sieve,baseline,0.002380,0.000120,baseline,N/A,N/A,N/A
sieve,--lvn,0.002430,0.000119,0.98x,N/A,N/A,N/A
sieve,--dce,0.002408,0.000121,0.99x,N/A,N/A,N/A
sieve,--loops,0.002453,0.000120,0.97x,N/A,N/A,N/A
sieve,--lvn_--dce,0.002406,0.000122,0.99x,N/A,N/A,N/A
sieve,--lvn_--dce_--loops,0.002410,0.000122,0.99x,N/A,N/A,N/A
bubblesort,baseline,0.002360,0.000111,baseline,N/A,N/A,N/A
bubblesort,--lvn,0.002361,0.000116,1.00x,N/A,N/A,N/A
bubblesort,--dce,0.002401,0.000116,0.98x,N/A,N/A,N/A
bubblesort,--loops,0.002565,0.000993,0.92x,N/A,N/A,N/A
bubblesort,--lvn_--dce,0.002363,0.000142,1.00x,N/A,N/A,N/A
bubblesort,--lvn_--dce_--loops,0.002478,0.000144,0.95x,N/A,N/A,N/A
filter,baseline,0.002396,0.000147,baseline,N/A,N/A,N/A
filter,--lvn,0.002391,0.000161,1.00x,N/A,N/A,N/A
filter,--dce,0.002424,0.000158,0.99x,N/A,N/A,N/A
filter,--loops,0.002394,0.000139,1.00x,N/A,N/A,N/A
filter,--lvn_--dce,0.002442,0.000131,0.98x,N/A,N/A,N/A
filter,--lvn_--dce_--loops,0.002461,0.000133,0.97x,N/A,N/A,N/A
primitive-root,baseline,0.002631,0.000145,baseline,N/A,N/A,N/A
primitive-root,--lvn,0.002700,0.000143,0.97x,N/A,N/A,N/A
primitive-root,--dce,0.002651,0.000156,0.99x,N/A,N/A,N/A
primitive-root,--loops,0.002492,0.000109,1.06x,N/A,N/A,N/A
primitive-root,--lvn_--dce,0.002565,0.000104,1.03x,N/A,N/A,N/A
primitive-root,--lvn_--dce_--loops,0.002576,0.000123,1.02x,N/A,N/A,N/A
adler32,baseline,0.002523,0.000151,baseline,N/A,N/A,N/A
adler32,--lvn,0.002495,0.000151,1.01x,N/A,N/A,N/A
adler32,--dce,0.002510,0.000131,1.01x,N/A,N/A,N/A
adler32,--loops,0.002449,0.000148,1.03x,N/A,N/A,N/A
adler32,--lvn_--dce,0.002465,0.001196,1.02x,N/A,N/A,N/A
adler32,--lvn_--dce_--loops,0.002484,0.000150,1.02x,N/A,N/A,N/A
systolic,baseline,0.002531,0.000125,baseline,N/A,N/A,N/A
systolic,--lvn,0.002607,0.000130,0.97x,N/A,N/A,N/A
systolic,--dce,0.002529,0.000118,1.00x,N/A,N/A,N/A
systolic,--loops,0.002596,0.000122,0.97x,N/A,N/A,N/A
systolic,--lvn_--dce,0.002551,0.000114,0.99x,N/A,N/A,N/A
systolic,--lvn_--dce_--loops,0.002559,0.000126,0.99x,N/A,N/A,N/A
fnv1-hash,baseline,0.010121,0.000163,baseline,N/A,N/A,N/A
fnv1-hash,--lvn,0.010094,0.000192,1.00x,N/A,N/A,N/A
fnv1-hash,--dce,0.010116,0.000256,1.00x,N/A,N/A,N/A
fnv1-hash,--loops,0.010155,0.000167,1.00x,N/A,N/A,N/A
fnv1-hash,--lvn_--dce,0.010118,0.000318,1.00x,N/A,N/A,N/A
fnv1-hash,--lvn_--dce_--loops,0.010103,0.000268,1.00x,N/A,N/A,N/A
adj2csr,baseline,0.002628,0.000113,baseline,N/A,N/A,N/A
adj2csr,--lvn,0.002669,0.000104,0.98x,N/A,N/A,N/A
adj2csr,--dce,0.002665,0.000138,0.99x,N/A,N/A,N/A
adj2csr,--loops,0.002693,0.000138,0.98x,N/A,N/A,N/A
adj2csr,--lvn_--dce,0.002738,0.000143,0.96x,N/A,N/A,N/A
adj2csr,--lvn_--dce_--loops,0.002731,0.000142,0.96x,N/A,N/A,N/A
char-poly,baseline,0.002430,0.000111,baseline,N/A,N/A,N/A
char-poly,--lvn,0.002522,0.000122,0.96x,N/A,N/A,N/A
char-poly,--dce,0.002514,0.000118,0.97x,N/A,N/A,N/A
char-poly,--loops,0.002528,0.000120,0.96x,N/A,N/A,N/A
char-poly,--lvn_--dce,0.002547,0.000115,0.95x,N/A,N/A,N/A
char-poly,--lvn_--dce_--loops,0.002521,0.000118,0.96x,N/A,N/A,N/A
csrmv,baseline,0.003120,0.000118,baseline,N/A,N/A,N/A
csrmv,--lvn,0.003087,0.000121,1.01x,N/A,N/A,N/A
csrmv,--dce,0.003100,0.000118,1.01x,N/A,N/A,N/A
csrmv,--loops,0.003167,0.001228,0.99x,N/A,N/A,N/A
csrmv,--lvn_--dce,0.003129,0.000141,1.00x,N/A,N/A,N/A
csrmv,--lvn_--dce_--loops,0.003203,0.000122,0.97x,N/A,N/A,N/A
dot-product,baseline,0.002435,0.000149,baseline,N/A,N/A,N/A
dot-product,--lvn,0.002432,0.000160,1.00x,N/A,N/A,N/A
dot-product,--dce,0.002436,0.000156,1.00x,N/A,N/A,N/A
dot-product,--loops,0.002399,0.000141,1.02x,N/A,N/A,N/A
dot-product,--lvn_--dce,0.002379,0.000131,1.02x,N/A,N/A,N/A
dot-product,--lvn_--dce_--loops,0.002451,0.000136,0.99x,N/A,N/A,N/A
shufflesort,baseline,0.002698,0.000124,baseline,N/A,N/A,N/A
shufflesort,--lvn,0.002697,0.000140,1.00x,N/A,N/A,N/A
shufflesort,--dce,0.002705,0.000135,1.00x,N/A,N/A,N/A
shufflesort,--loops,0.002690,0.000111,1.00x,N/A,N/A,N/A
shufflesort,--lvn_--dce,0.002678,0.000109,1.01x,N/A,N/A,N/A
shufflesort,--lvn_--dce_--loops,0.002659,0.000114,1.01x,N/A,N/A,N/A
major-elm,baseline,0.002398,0.000153,baseline,N/A,N/A,N/A
major-elm,--lvn,0.002372,0.000137,1.01x,N/A,N/A,N/A
major-elm,--dce,0.002400,0.000140,1.00x,N/A,N/A,N/A
major-elm,--loops,0.002395,0.000152,1.00x,N/A,N/A,N/A
major-elm,--lvn_--dce,0.002349,0.001228,1.02x,N/A,N/A,N/A
major-elm,--lvn_--dce_--loops,0.002378,0.000156,1.01x,N/A,N/A,N/A
cordic,baseline,0.002488,0.000142,baseline,N/A,N/A,N/A
cordic,--lvn,0.002504,0.000137,0.99x,N/A,N/A,N/A
cordic,--dce,0.002506,0.000136,0.99x,N/A,N/A,N/A
cordic,--loops,0.002485,0.000133,1.00x,N/A,N/A,N/A
cordic,--lvn_--dce,0.002449,0.000113,1.02x,N/A,N/A,N/A
cordic,--lvn_--dce_--loops,0.002456,0.000120,1.01x,N/A,N/A,N/A
max-subarray,baseline,0.002296,0.000124,baseline,N/A,N/A,N/A
max-subarray,--lvn,0.002366,0.000127,0.97x,N/A,N/A,N/A
max-subarray,--dce,0.002364,0.000123,0.97x,N/A,N/A,N/A
max-subarray,--loops,0.002404,0.000162,0.95x,N/A,N/A,N/A
max-subarray,--lvn_--dce,0.002396,0.000143,0.96x,N/A,N/A,N/A
max-subarray,--lvn_--dce_--loops,0.002430,0.000144,0.95x,N/A,N/A,N/A
mat-mul,baseline,0.009147,0.000172,baseline,N/A,N/A,N/A
mat-mul,--lvn,0.009252,0.000149,0.99x,N/A,N/A,N/A
mat-mul,--dce,0.009273,0.000144,0.99x,N/A,N/A,N/A
mat-mul,--loops,0.008907,0.000150,1.03x,N/A,N/A,N/A
mat-mul,--lvn_--dce,0.009416,0.001497,0.97x,N/A,N/A,N/A
mat-mul,--lvn_--dce_--loops,0.008875,0.000130,1.03x,N/A,N/A,N/A
fib,baseline,0.002159,0.000109,baseline,N/A,N/A,N/A
fib,--lvn,0.002242,0.000125,0.96x,N/A,N/A,N/A
fib,--dce,0.002238,0.000116,0.96x,N/A,N/A,N/A
fib,--loops,0.002284,0.000107,0.94x,N/A,N/A,N/A
fib,--lvn_--dce,0.002349,0.000124,0.92x,N/A,N/A,N/A
fib,--lvn_--dce_--loops,0.002351,0.000118,0.92x,N/A,N/A,N/A
vsmul,baseline,0.002595,0.000125,baseline,N/A,N/A,N/A
vsmul,--lvn,0.002656,0.000139,0.98x,N/A,N/A,N/A
vsmul,--dce,0.002757,0.000128,0.94x,N/A,N/A,N/A
vsmul,--loops,0.002615,0.000117,0.99x,N/A,N/A,N/A
vsmul,--lvn_--dce,0.002652,0.000115,0.98x,N/A,N/A,N/A
vsmul,--lvn_--dce_--loops,0.002648,0.000110,0.98x,N/A,N/A,N/A
quicksort-hoare,baseline,0.002649,0.000113,baseline,N/A,N/A,N/A
quicksort-hoare,--lvn,0.002591,0.000107,1.02x,N/A,N/A,N/A
quicksort-hoare,--dce,0.002634,0.000119,1.01x,N/A,N/A,N/A
quicksort-hoare,--loops,0.002609,0.000114,1.02x,N/A,N/A,N/A
quicksort-hoare,--lvn_--dce,0.002609,0.000118,1.02x,N/A,N/A,N/A
quicksort-hoare,--lvn_--dce_--loops,0.002670,0.000125,0.99x,N/A,N/A,N/A
insertion-sort,baseline,0.002556,0.000970,baseline,N/A,N/A,N/A
insertion-sort,--lvn,0.002407,0.000135,1.06x,N/A,N/A,N/A
insertion-sort,--dce,0.002491,0.000141,1.03x,N/A,N/A,N/A
insertion-sort,--loops,0.002450,0.000159,1.04x,N/A,N/A,N/A
insertion-sort,--lvn_--dce,0.002438,0.000172,1.05x,N/A,N/A,N/A
insertion-sort,--lvn_--dce_--loops,0.002444,0.000160,1.05x,N/A,N/A,N/A
2dconvol,baseline,0.002495,0.000110,baseline,N/A,N/A,N/A
2dconvol,--lvn,0.002526,0.000111,0.99x,N/A,N/A,N/A
2dconvol,--dce,0.002515,0.000110,0.99x,N/A,N/A,N/A
2dconvol,--loops,0.002611,0.000148,0.96x,N/A,N/A,N/A
2dconvol,--lvn_--dce,0.002698,0.000136,0.92x,N/A,N/A,N/A
2dconvol,--lvn_--dce_--loops,0.002672,0.000141,0.93x,N/A,N/A,N/A
quicksort,baseline,0.002345,0.000117,baseline,N/A,N/A,N/A
quicksort,--lvn,0.002412,0.000115,0.97x,N/A,N/A,N/A
quicksort,--dce,0.002414,0.000117,0.97x,N/A,N/A,N/A
quicksort,--loops,0.002508,0.000140,0.94x,N/A,N/A,N/A
quicksort,--lvn_--dce,0.002464,0.000146,0.95x,N/A,N/A,N/A
quicksort,--lvn_--dce_--loops,0.002502,0.000136,0.94x,N/A,N/A,N/A
two-sum,baseline,0.002419,0.000154,baseline,N/A,N/A,N/A
two-sum,--lvn,0.002556,0.001199,0.95x,N/A,N/A,N/A
two-sum,--dce,0.002473,0.000155,0.98x,N/A,N/A,N/A
two-sum,--loops,0.002484,0.000151,0.97x,N/A,N/A,N/A
two-sum,--lvn_--dce,0.002490,0.000146,0.97x,N/A,N/A,N/A
two-sum,--lvn_--dce_--loops,0.002452,0.000133,0.99x,N/A,N/A,N/A
eight-queens,baseline,0.006504,0.000145,baseline,N/A,N/A,N/A
eight-queens,--lvn,0.006509,0.000134,1.00x,N/A,N/A,N/A
eight-queens,--dce,0.006451,0.000130,1.01x,N/A,N/A,N/A
eight-queens,--loops,0.006454,0.000138,1.01x,N/A,N/A,N/A
eight-queens,--lvn_--dce,0.006404,0.000137,1.02x,N/A,N/A,N/A
eight-queens,--lvn_--dce_--loops,0.006508,0.000139,1.00x,N/A,N/A,N/A
sorting-network-five,baseline,0.002434,0.000165,baseline,N/A,N/A,N/A
sorting-network-five,--lvn,0.002429,0.000138,1.00x,N/A,N/A,N/A
sorting-network-five,--dce,0.002453,0.000146,0.99x,N/A,N/A,N/A
sorting-network-five,--loops,0.002184,0.000175,1.11x,N/A,N/A,N/A
sorting-network-five,--lvn_--dce,0.002256,0.000131,1.08x,N/A,N/A,N/A
sorting-network-five,--lvn_--dce_--loops,0.002275,0.000144,1.07x,N/A,N/A,N/A
connected-components,baseline,0.002424,0.000123,baseline,N/A,N/A,N/A
connected-components,--lvn,0.002514,0.000909,0.96x,N/A,N/A,N/A
connected-components,--dce,0.002401,0.000138,1.01x,N/A,N/A,N/A
connected-components,--loops,0.002515,0.000132,0.96x,N/A,N/A,N/A
connected-components,--lvn_--dce,0.002476,0.000107,0.98x,N/A,N/A,N/A
connected-components,--lvn_--dce_--loops,0.002423,0.000107,1.00x,N/A,N/A,N/A
binary-search,baseline,0.002287,0.000123,baseline,N/A,N/A,N/A
binary-search,--lvn,0.002258,0.000117,1.01x,N/A,N/A,N/A
binary-search,--dce,0.002363,0.000133,0.97x,N/A,N/A,N/A
binary-search,--loops,0.002009,0.000265,1.14x,N/A,N/A,N/A
binary-search,--lvn_--dce,0.002082,0.000154,1.10x,N/A,N/A,N/A
binary-search,--lvn_--dce_--loops,0.002082,0.000116,1.10x,N/A,N/A,N/A
